{"cameraMode":{"drawMode":0,"name":"Shaded","section":"Shading Mode"},"sceneLighting":false,"audioPlay":false,"sceneViewState":{"showFog":true,"showMaterialUpdate":false,"showSkybox":true,"showFlares":true,"showImageEffects":true,"showParticleSystems":true},"in2DMode":false,"pivot":{"x":5.619999885559082,"y":24.350000381469728,"z":17.59000015258789},"rotation":{"x":0.0997438058257103,"y":-0.8517594933509827,"z":0.17566217482089997,"w":0.4834953844547272},"size":34.50164031982422,"orthographic":true}